# DataFusion run3: run_active, same paradigms as run1/run2
# machine: apache10
# date: 2026-09-29
# data: /data/tpch-nested/1/ (SF1)
# duckdb commit: a85216b8b7
# datafusion commit: 271583af3 (branch nested_data_processing)
case,col_prune,col_prune_fused,push_shallow,push_shallow_fused,push_deep_scan,push_deep_scan_fused,flatread,pureflat
q1,1489,1344,1335,1281,1344,1292,962,984
q2,506,510,529,536,545,541,383,394
q3,607,619,580,580,513,496,797,654
q4,607,585,471,487,457,438,446,530
q5,555,574,490,496,447,448,709,778
q6,795,734,699,645,471,455,481,418
q7,954,886,846,783,746,728,855,966
q8,860,893,824,782,779,749,604,643
q9,1390,1356,1434,1322,1379,1388,860,777
q10,608,641,526,526,507,492,600,756
q11,188,202,190,193,198,198,154,340
q12,1102,1022,906,797,612,603,681,662
q13,2257,2330,2238,2218,2178,2147,339,456
q14,811,738,705,649,521,509,431,341
q15,1473,1360,1218,1159,951,915,780,581
q16,226,227,228,224,222,231,217,193
q17,1301,1210,1334,1221,1285,1223,768,629
q18,975,930,970,970,957,917,1216,1095
q19,1207,1149,994,900,733,740,671,469
q20,958,921,872,843,767,724,591,437
q21,743,727,641,600,611,579,1396,964
q22,2234,2292,2162,2171,2229,2096,246,328
