case,nested,col_prune,col_prune_fused,push_shallow,push_shallow_fused,push_deep_scan,push_deep_scan_fused,flatread,pureflat
q1,3229,1400,1331,1378,1250,1313,1270,933,979
q2,1227,515,530,529,545,512,491,389,389
q3,2392,568,564,570,571,514,507,789,645
q4,2634,562,603,490,454,446,456,464,519
q5,2831,566,548,489,508,443,442,715,769
q6,2797,780,715,668,613,481,460,465,404
q7,3330,916,890,798,774,742,722,867,911
q8,3395,898,849,807,803,755,750,580,638
q9,4607,1397,1319,1416,1349,1408,1415,831,796
q10,2622,638,611,529,519,499,492,600,707
q11,623,186,189,185,190,187,187,156,342
q12,2992,1099,1006,881,812,615,608,672,655
q13,2567,2276,2267,2241,2214,2202,2268,340,453
q14,2743,740,709,685,634,537,525,433,337
q15,5502,1453,1345,1290,1165,977,942,768,570
q16,687,225,226,226,226,225,222,211,194
q17,5763,1293,1219,1273,1220,1294,1242,766,588
q18,3079,969,893,965,900,950,868,1229,1079
q19,2856,1090,1070,1016,888,755,749,650,468
q20,3453,991,930,894,798,766,744,577,429
q21,3191,732,745,613,628,605,589,1381,966
q22,2198,2138,2119,2212,2106,2110,2115,250,354
