# DataFusion run2, long format
# machine: apache10
# date: 2026-09-29
# data: /data/tpch-nested/1/ (SF1)
# duckdb commit: a85216b8b7 (branch prenest-3way)
# datafusion commit: 271583af3 (branch nested_data_processing; runner diff: datafusion_runner.diff)
case,paradigm,variant,elapsed_ms
q1,col_prune,,1490
q1,col_prune_fused,,1366
q1,push_shallow,,1403
q1,push_shallow_fused,,1279
q1,push_deep_scan,,1391
q1,push_deep_scan_fused,,1258
q1,flatread,,911
q1,pureflat,,976
q2,col_prune,,536
q2,col_prune_fused,,503
q2,push_shallow,,533
q2,push_shallow_fused,,531
q2,push_deep_scan,,538
q2,push_deep_scan_fused,,536
q2,flatread,,390
q2,pureflat,,408
q3,col_prune,,580
q3,col_prune_fused,,577
q3,push_shallow,,567
q3,push_shallow_fused,,585
q3,push_deep_scan,,505
q3,push_deep_scan_fused,,483
q3,flatread,,793
q3,pureflat,,650
q4,col_prune,,580
q4,col_prune_fused,,598
q4,push_shallow,,485
q4,push_shallow_fused,,504
q4,push_deep_scan,,437
q4,push_deep_scan_fused,,445
q4,flatread,,458
q4,pureflat,,538
q5,col_prune,,562
q5,col_prune_fused,,576
q5,push_shallow,,497
q5,push_shallow_fused,,515
q5,push_deep_scan,,461
q5,push_deep_scan_fused,,450
q5,flatread,,722
q5,pureflat,,778
q6,col_prune,,847
q6,col_prune_fused,,710
q6,push_shallow,,691
q6,push_shallow_fused,,615
q6,push_deep_scan,,456
q6,push_deep_scan_fused,,464
q6,flatread,,450
q6,pureflat,,411
q7,col_prune,,907
q7,col_prune_fused,,855
q7,push_shallow,,838
q7,push_shallow_fused,,788
q7,push_deep_scan,,745
q7,push_deep_scan_fused,,690
q7,flatread,,869
q7,pureflat,,974
q8,col_prune,,937
q8,col_prune_fused,,907
q8,push_shallow,,810
q8,push_shallow_fused,,846
q8,push_deep_scan,,756
q8,push_deep_scan_fused,,756
q8,flatread,,620
q8,pureflat,,659
q9,col_prune,,1426
q9,col_prune_fused,,1276
q9,push_shallow,,1423
q9,push_shallow_fused,,1334
q9,push_deep_scan,,1412
q9,push_deep_scan_fused,,1347
q9,flatread,,863
q9,pureflat,,823
q10,col_prune,,614
q10,col_prune_fused,,634
q10,push_shallow,,533
q10,push_shallow_fused,,537
q10,push_deep_scan,,499
q10,push_deep_scan_fused,,489
q10,flatread,,602
q10,pureflat,,706
q11,col_prune,,191
q11,col_prune_fused,,196
q11,push_shallow,,213
q11,push_shallow_fused,,196
q11,push_deep_scan,,182
q11,push_deep_scan_fused,,194
q11,flatread,,148
q11,pureflat,,335
q12,col_prune,,1095
q12,col_prune_fused,,930
q12,push_shallow,,905
q12,push_shallow_fused,,784
q12,push_deep_scan,,617
q12,push_deep_scan_fused,,600
q12,flatread,,676
q12,pureflat,,662
q13,col_prune,,2273
q13,col_prune_fused,,2201
q13,push_shallow,,2235
q13,push_shallow_fused,,2141
q13,push_deep_scan,,2182
q13,push_deep_scan_fused,,2320
q13,flatread,,332
q13,pureflat,,472
q14,col_prune,,768
q14,col_prune_fused,,737
q14,push_shallow,,675
q14,push_shallow_fused,,653
q14,push_deep_scan,,526
q14,push_deep_scan_fused,,505
q14,flatread,,446
q14,pureflat,,336
q15,col_prune,,1482
q15,col_prune_fused,,1319
q15,push_shallow,,1287
q15,push_shallow_fused,,1206
q15,push_deep_scan,,955
q15,push_deep_scan_fused,,934
q15,flatread,,765
q15,pureflat,,567
q16,col_prune,,234
q16,col_prune_fused,,230
q16,push_shallow,,226
q16,push_shallow_fused,,229
q16,push_deep_scan,,231
q16,push_deep_scan_fused,,227
q16,flatread,,218
q16,pureflat,,190
q17,col_prune,,1300
q17,col_prune_fused,,1236
q17,push_shallow,,1319
q17,push_shallow_fused,,1241
q17,push_deep_scan,,1318
q17,push_deep_scan_fused,,1196
q17,flatread,,780
q17,pureflat,,585
q18,col_prune,,980
q18,col_prune_fused,,915
q18,push_shallow,,979
q18,push_shallow_fused,,901
q18,push_deep_scan,,989
q18,push_deep_scan_fused,,959
q18,flatread,,1219
q18,pureflat,,1073
q19,col_prune,,1177
q19,col_prune_fused,,1109
q19,push_shallow,,1072
q19,push_shallow_fused,,949
q19,push_deep_scan,,748
q19,push_deep_scan_fused,,718
q19,flatread,,667
q19,pureflat,,479
q20,col_prune,,978
q20,col_prune_fused,,906
q20,push_shallow,,882
q20,push_shallow_fused,,829
q20,push_deep_scan,,774
q20,push_deep_scan_fused,,740
q20,flatread,,594
q20,pureflat,,442
q21,col_prune,,725
q21,col_prune_fused,,768
q21,push_shallow,,637
q21,push_shallow_fused,,613
q21,push_deep_scan,,616
q21,push_deep_scan_fused,,572
q21,flatread,,1414
q21,pureflat,,961
q22,col_prune,,2196
q22,col_prune_fused,,2201
q22,push_shallow,,2146
q22,push_shallow_fused,,2218
q22,push_deep_scan,,2154
q22,push_deep_scan_fused,,2315
q22,flatread,,240
q22,pureflat,,353
