# DuckDB (b) + LIST<STRUCT> pruning only. 6 runs, first discarded, median of 5, /usr/bin/time -f %e, process startup included. generated by: BIN=... scripts/bench_plain_timing.sh
# machine: apache10
# date: 2026-09-29
# data: /data/tpch-nested/1/ (SF1)
# duckdb commit: 58a44bb203 (projection_pushdown)
# datafusion commit: 271583af3 (branch nested_data_processing)
query	time
q10a	0.83
q10b	0.85
q10	0.87
q11	0.09
q12	1.08
q13	0.25
q14	1.03
q15	0.86
q16	0.22
q17	0.91
q18	1.13
q19	1.19
q1	1.23
q20	1.10
q21	0.80
q22	1.60
q2	0.22
q3a	0.90
q3b	0.86
q3	0.88
q4	0.80
q5	0.81
q6	1.00
q7	0.85
q8	0.81
q9b	1.14
q9	1.15
