# DuckDB A/B: 7618e48fb9 (the 2026-09-19 binary) rebuilt today, default parallelism, 6 runs, first discarded, median of 5, release build, process startup included. generated by: scripts/bench_prenest_timing.sh
# machine: apache10
# date: 2026-09-29
# data: /data/tpch-nested/1/ (SF1)
# duckdb commit: 7618e48fb9 (branch prenest-3way)
# datafusion commit: 271583af3 (branch nested_data_processing; runner diff: datafusion_runner.diff)
query	off	on	ratio
q10a	0.88	0.26	3.384
q10b	0.85	0.28	3.035
q10	0.86	0.27	3.185
q11	0.09	0.09	1.000
q12	1.04	0.24	4.333
q13	0.24	0.26	.923
q14	0.99	0.28	3.535
q15	0.88	0.28	3.142
q16	0.22	0.25	.880
q17	0.94	0.92	1.021
q18	1.26	1.14	1.105
q19	1.18	0.43	2.744
q1	1.22	1.14	1.070
q20	1.03	0.49	2.102
q21	0.80	0.45	1.777
q22	1.60	1.67	.958
q2	0.22	0.22	1.000
q3a	0.87	0.32	2.718
q3b	0.85	0.31	2.741
q3	0.90	0.31	2.903
q4	0.78	0.32	2.437
q5	0.83	0.35	2.371
q6	0.98	0.25	3.920
q7	0.80	0.39	2.051
q8	0.82	0.50	1.640
q9b	1.15	1.11	1.036
q9	1.18	1.12	1.053
