query	off	on	ratio
q10a	0.87	0.27	3.222
q10b	0.89	0.27	3.296
q10	0.89	0.27	3.296
q11	0.08	0.09	.888
q12	1.03	0.27	3.814
q13	0.25	0.25	1.000
q14	0.97	0.30	3.233
q15	0.90	0.27	3.333
q16	0.25	0.25	1.000
q17	0.89	0.93	.956
q18	1.19	1.21	.983
q19	1.23	0.43	2.860
q1	1.22	1.15	1.060
q20	1.05	0.51	2.058
q21	0.86	0.45	1.911
q22	1.58	1.68	.940
q2	0.22	0.22	1.000
q3a	0.90	0.33	2.727
q3b	0.88	0.32	2.750
q3	0.91	0.32	2.843
q4	0.75	0.31	2.419
q5	0.85	0.36	2.361
q6	0.97	0.25	3.880
q7	0.84	0.40	2.100
q8	0.82	0.51	1.607
q9b	1.17	1.16	1.008
q9	1.17	1.17	1.000
